Time,V1,V2,V3,Amount,Class
0,1.191857111,0.266150712,0.166480113,2.69,0
1,-1.358354061,-1.340163075,1.773209343,378.66,0
2,-1.358354061,1.773209343,0.379779593,123.50,1
3,1.191857111,0.379779593,0.266150712,50.00,0
4,0.266150712,1.191857111,-1.340163075,200.00,1
5,0.166480113,0.266150712,1.191857111,5.00,0
6,1.773209343,-1.358354061,0.266150712,1000.00,0
7,0.379779593,0.166480113,1.773209343,10.00,0
8,-1.340163075,1.191857111,0.266150712,500.00,1
9,1.191857111,0.266150712,-1.358354061,20.00,0
